Normal_Height_cm,Uniform_Score,Exponential_Wait_min,LogNormal_Income_k,Beta_Probability,Gamma_Service_time,Chi2_Variance,Laplace_Error,Poisson_Calls_per_hr,Binomial_Successes,NegBinomial_Failures,Geometric_Trials
174.96714153011231,64.59172413316013,10.272516610714677,19.073819670608923,0.2048823674234112,3.9782414651835283,1.5407031193280212,-0.446100981876266,2,7,4,2
168.61735698828815,57.077830466891186,0.1484175577151101,11.285906145752527,0.18969387578781255,1.3449858282632186,5.641334131021543,-0.17013789924994538,4,10,1,1
176.47688538100692,35.60967258978462,8.738236881376569,40.21698031214529,0.2902085097994004,6.488551019913093,1.9432295701277111,-0.7777631001504088,5,7,5,2
185.23029856408024,98.65152487929797,0.6898195370187782,115.18041886871141,0.32525968719517134,16.539789514907376,2.7995564997131224,-0.9184349495870745,4,8,12,1
167.65846625276663,60.577481935688716,2.040734912546543,33.01508387747141,0.06674404650508572,2.154026764511066,5.728996224137977,-2.582708958240943,1,8,9,2
167.6586304305082,23.72267917359945,6.803294015803708,50.36242630502846,0.39484478584956023,1.0889364887504627,0.49568833871674334,0.3379084977459313,4,9,6,1
185.79212815507393,10.178247262040374,0.8762921736478159,34.49845979003957,0.17015973446901886,2.9279250460578377,2.0160502044559365,-0.6443178153182543,2,12,3,2
177.6743472915291,15.285913918433202,8.517837110792861,31.51788534417153,0.6912093386389426,4.140643158304615,4.383498891961229,-2.2567100607184125,4,5,4,1
165.30525614065047,24.595772838450813,8.92295148506112,52.433108924272865,0.17016504307163668,8.471502533156352,5.081088108268503,-0.7722799567251429,2,8,4,2
175.42560043585965,16.06813732595557,3.540976526547985,28.64167221850733,0.25965807209419905,3.798232361088318,4.509707132384259,0.9259065804951814,3,10,6,12
165.36582307187538,18.656702405130577,0.032031743087075834,37.85246703561819,0.34085924943352575,6.574547442294913,2.7716020140316515,1.213950291967927,2,8,5,2
165.34270246429742,28.50951686938471,1.6916367135592756,38.89434639210219,0.1936145912070428,3.3117705173037986,6.132990131099629,-0.03445430056499314,4,5,9,6
172.41962271566035,17.33735952947548,4.797647471818692,23.711372210935206,0.4421189571746821,4.325721095150775,1.4092863454301123,-0.18375297179892489,3,8,0,6
150.86719755342202,89.67654246264252,19.86581733987204,54.38134513660317,0.2918146343826823,2.470820643307561,1.3526907093545504,3.116937365351402,6,7,5,9
152.75082167486968,8.023374566164222,4.995828745445317,30.341612545037307,0.0431616328618451,1.8074172265920916,4.352432754251205,-0.9134714119537708,3,6,4,5
164.37712470759027,52.451138957025464,1.5041984850505852,22.694609294076287,0.08526285170391149,8.686244250785027,1.2633228855819554,-0.8423003819555462,6,10,2,4
159.87168879665577,41.03968269896615,5.025687639707752,43.304429243956285,0.47376583548934953,3.509230356040182,10.033418495826226,-0.538309272803105,2,8,2,6
173.14247332595275,98.23786169086064,3.8824850338883565,21.13152516511941,0.2739533039710695,6.927997990282728,2.0663713045060734,-1.0627202732500827,5,11,1,1
160.91975924478788,11.203890216805235,7.5671261506473275,33.58537077929595,0.23739520744884943,2.435518503329348,6.054411315070668,-0.2761077192438545,4,10,1,2
155.87696298664707,39.785559904574164,0.5657350864791453,32.96480580747001,0.2670788820929144,5.02785364500962,1.060296987397509,1.7241108431194598,7,9,5,13
184.65648768921554,96.94704332753689,7.157042403682414,56.99410166483024,0.1034879707346583,0.49073419977171495,8.664139094710176,0.2622686546725462,4,3,7,5
167.74223699513465,86.55071258939803,3.8964300953494475,41.986541079497165,0.22795113216234186,3.731185359860116,3.3700002087154153,-0.19371449386715806,2,8,6,10
170.67528204687923,81.707207094928,16.48310638883833,32.703644380148056,0.2627333305254055,2.6770484170130375,2.018370914161054,2.0311969674026833,4,6,4,5
155.75251813786542,25.790282704493983,2.091780449945556,49.84325341821043,0.6891140409001313,11.188098375017093,2.6189859219490526,-2.3337820472723227,8,11,6,6
164.55617275474816,17.088758739006582,5.006818486725115,66.3606177604858,0.2505649400674639,1.5392373244728632,1.748714055767425,-0.8661862988684845,3,6,7,4
171.10922589709867,66.8643219924431,13.443304877842756,43.768096132771305,0.24464969297662237,4.469427271372067,2.793423426732817,0.14130692698352126,2,7,12,5
158.49006422577696,92.93759891275857,0.5407649883263731,33.28731221847349,0.2767384149382149,6.429783161338227,1.1243765558205685,0.2628011802035377,5,8,8,3
173.75698018345673,55.67628930139298,13.841269634193843,17.18577288737447,0.27220512050485735,10.140752824226487,2.074351788369885,-2.5368526229106,4,7,18,8
163.99361310081196,57.161268946989985,5.821929417789845,19.442145700127273,0.22994845690931623,9.196525677977455,5.974616116931346,-0.2155753676330509,2,6,2,5
167.08306250206724,27.997909366028416,0.3512382514555415,28.428371637636896,0.42570532098434083,4.753623427756985,3.903961935130429,0.3542606174315338,6,9,7,6
163.98293387770602,76.94929331919369,1.790262082141199,24.41612803340359,0.22271118741639412,5.287584110462841,1.3827259120235316,0.5044147056976926,3,5,3,4
188.52278184508938,18.704374855752338,6.157954975606562,30.15993380995708,0.4773689304451496,11.181290660508715,2.8704900294998414,0.3233504323350174,2,5,6,2
169.86502775262065,32.367923640424365,0.34862963697380656,34.06685653255225,0.23101298651698982,4.682719932800507,7.460401099107729,-0.4445285736194196,8,7,4,1
159.42289071044098,42.54364386164168,4.363408645474819,43.15707543887865,0.43144353619464987,5.724504562177751,2.28178847565767,-1.676431459639176,5,9,4,8
178.2254491210319,50.7610378684455,2.122345657556806,31.968486189162917,0.38687976021019077,11.431548773217147,1.2503177271007395,-0.157560779301105,4,8,6,3
157.79156350028978,24.240973241508023,4.849980952374174,42.23506591763676,0.20867813507832503,22.12229559918822,4.950465802603955,-1.356701094477645,2,8,3,1
172.08863595004755,11.483682473920354,0.23410619638977423,34.20039546839478,0.09002499819996725,6.097173926100811,0.28259878250841686,2.256153107537339,3,8,9,1
150.40329876120225,61.06200424416326,10.260564224384563,12.332853487780485,0.6038569167009646,7.36322203526592,2.6668443204794348,-0.050933641128162996,6,7,3,5
156.7181395110157,28.863055324025577,18.150971875721705,20.704111486622402,0.22652332523012098,9.006869976671394,7.90251709524591,-0.4548890738632618,0,11,4,6
171.96861235869125,58.123822142261226,17.349178322458755,30.81360219319953,0.3042970610133372,11.357636747333267,2.8062403820854427,0.7605872773068209,3,5,3,5
177.3846657999541,15.436271527420232,6.9245132848061495,18.08626171103681,0.16462586137498683,10.314942314102652,6.387073400283867,-0.00411125447234742,3,9,6,3
171.7136828118997,48.114010185481746,0.6968059941690288,44.699591594888204,0.1823972362349482,3.0964448395354376,1.2338736314340768,-0.4779260520867547,5,11,4,2
168.8435171761176,53.258943255158584,7.0995286558018,71.19164145074484,0.4766491048877699,6.4019779671896835,2.720308895841946,0.9779945672832765,0,10,3,2
166.98896304410712,5.182353682242691,0.12447111141255657,60.90899870875626,0.5264086385938195,10.36399872054539,2.5191881731263863,1.3254036175489685,5,6,5,1
155.21478009632574,33.660427819392055,0.11185973867236931,29.763373623207542,0.36092031234155697,12.999862836226832,4.762882757652825,0.4246729011966462,4,7,2,6
162.8015579160529,13.441467693897424,1.9549288510861509,69.78109085598425,0.2509553296201303,4.475796822732231,3.511577578838244,-2.3652177534082575,2,9,1,1
165.39361229040213,6.337497047276774,3.353438374608401,35.67084643168576,0.3835316726535463,6.288509514008522,8.614579829052301,0.14230780471733287,4,5,8,3
180.57122226218917,98.99602323899452,7.357244612919284,27.979077939991225,0.19591171866205373,6.828800104965068,2.177688992966393,0.7477930865577904,6,10,3,2
173.43618289568462,32.235384497472296,5.748928634454095,24.368679196230868,0.2976150813463317,5.154339113460146,3.4796639287752757,-1.2982614174942504,8,9,3,3
152.36959844637266,80.98744458546349,2.9520749369785424,28.46755895777124,0.13237350274514814,6.169220176330546,2.5960396271311743,-0.7823248963259873,3,9,9,8
173.24083969394795,25.464065476376383,1.598455812792035,27.273392431880886,0.12631168044090502,31.013794631763723,3.290629286560074,1.4481281067111065,2,5,4,1
166.14917719583684,68.15027222239293,29.257643808284897,36.0608616067507,0.35476652265808534,4.3296603824593145,3.067507561670222,-3.212808177673712,3,9,4,5
163.2307799969404,76.02278598896865,2.777208950550171,35.88383769085927,0.3219807096428471,4.599362631084334,1.5270745472394598,0.7041156663739536,3,9,15,1
176.1167628884087,59.56387406078443,3.0018102421227146,33.16592555185924,0.310809260614259,0.9608133986535519,5.749593864400419,-0.0538791769768194,2,10,1,1
180.30999522495952,47.15761885501584,0.8933839622727785,41.20127015450739,0.22661352635262422,0.7819079804465499,1.8903786258031507,-0.11255934552404251,1,4,8,2
179.31280119116198,41.18409141472685,7.919083503186542,60.05874324791841,0.3116613226660596,7.181824243602168,1.7763837653977521,-4.255001814673573,7,4,4,1
161.60782476777362,34.88682665429953,5.9156611901828695,53.238247058933965,0.17217359051439798,10.392985363263964,0.7239632623026693,1.018313662174394,5,7,3,5
166.90787624148786,92.95291442478259,1.24724264726588,15.761196723436003,0.041466975212824844,9.113627690852915,2.1257536496380003,-0.3289905724172696,8,6,3,3
173.31263431403565,83.06194077877291,0.42986528451189354,9.235358499479592,0.2761974130074415,2.429427242449299,1.8691566825000205,0.08504741148877915,3,8,3,1
179.7554512712236,96.50269106665125,5.704979103686202,52.834265901167065,0.09425356031693806,8.744031740653625,0.3666285039632898,0.43788712622014575,4,11,4,1
165.2082576215471,12.429722348554472,5.313975472115715,16.719248338125777,0.4118445340829866,4.542016200534187,2.7839789626449907,0.5196295193682355,5,7,4,3
168.14341023336183,73.08674752036443,1.5959292433686985,29.595351321695407,0.5157009792685964,3.6976905688846404,8.359807877879506,2.429965358673526,7,10,3,5
158.9366502599397,93.83404568210378,15.065772031925546,18.447769833923687,0.6342283268293691,1.38542927399569,0.8754414687453176,0.06473043979087735,5,1,13,2
158.0379337591933,18.123306616566015,0.8188214159732543,13.45041258725887,0.27170217319000567,2.7114047829470196,3.2449174697773655,-0.22384491977951038,1,6,1,3
178.12525822394198,6.6496267366777495,2.831117362517058,43.411803062717276,0.16115555595365097,7.302832319259634,2.7317348058281987,2.3795444663524545,3,4,6,5
183.56240028570824,74.11206492900591,14.377842163998274,48.40376404150702,0.3019616530585536,6.352197551077278,5.2271228545117046,0.3343830785040022,3,7,0,3
169.27989878419666,57.44731131799119,2.7212857134677506,24.82235850498028,0.24747616586330073,5.679545458749446,5.4994653737981505,-0.517010187896368,7,11,3,1
180.03532897892023,84.1828776758272,5.087825088650514,9.06552587337116,0.2773672197869529,0.4198052786314097,12.567317071080074,-1.37464847523731,3,5,1,3
173.61636025047633,13.97723766262895,2.534121515045698,25.20085130455983,0.47222499596045936,5.723580368965741,4.009944973345533,1.155528741091293,4,9,4,3
163.54880245394875,79.52673118598902,1.6025086503344064,40.28189058016142,0.21903951367592533,3.056710403852036,1.6613281805755524,-0.3224623472111129,0,8,3,4
173.61395605508415,20.162732004774455,20.66885264565887,15.808443809624018,0.25130404126245265,6.386004261810665,2.0758920794741127,0.3870449694339435,4,11,7,3
185.38036566465968,16.36559428657045,2.632522879227116,36.29499888039994,0.13449891422559376,11.591100991073326,2.2584864367650135,-0.060139848185627585,3,5,4,10
169.64173960890048,16.426579793099293,11.22626253424066,32.862923447789065,0.2575375190463321,3.4571885017697417,1.935888598078198,-0.9216562013208931,4,6,3,1
185.64643655814007,81.45747202313821,1.3065290624194523,44.24072521396925,0.5758311543371692,5.4114088509840474,9.747193406211945,0.22736898746024747,4,4,0,9
143.80254895910255,66.51972206962002,1.1983004068942895,35.15582012495062,0.17478898807467766,17.811908007224076,5.31717506894322,-2.108943369237224,2,8,4,3
178.21902504375223,52.30654247691193,0.158145245477775,20.35782847498548,0.4404393990716352,6.152968778650287,4.733483214836684,-0.19033164840145628,6,7,4,4
170.87047068238172,35.88304841235025,5.272979294379948,60.236937918425745,0.23996872315505707,4.914209285823006,1.2838294651283486,0.09786631118645522,5,10,3,1
167.00992649534132,87.72005408131082,2.298495270861007,30.59189833125225,0.4457504855829945,2.46594953648606,5.461084778929392,-0.13685812207248513,4,9,1,2
170.91760776535503,39.244510742263536,9.988690294133969,32.66642298216626,0.41814573239418396,8.914365140562863,7.0814174078887016,0.6878499367667966,2,9,1,5
150.12431085399106,81.65994394715771,3.2047655735140683,20.767017280281056,0.12477872464880943,2.093901277960217,2.7710735918179585,1.066677405981544,5,8,4,4
167.80328112162488,43.91349085702184,17.240411706004004,26.532194287673853,0.4135696874278296,11.938219936012715,2.0555417427613643,0.7819481172743258,1,5,4,1
173.57112571511746,37.69444294249076,1.026060891304192,21.276403526708084,0.08552216071945434,8.041488820766784,8.756803463544452,-2.5558542009708454,4,8,5,3
184.77894044741515,46.26797856696064,10.148427523649552,30.372177333128406,0.10238495285184403,3.1497196312563607,1.8338022015113986,-0.9460863943681176,5,15,7,1
164.81729781726352,30.13778741641421,7.493886523371488,77.93337071806465,0.22850508874050057,2.541684491822444,1.6713190603399364,0.07603369126771761,0,10,10,16
161.91506397106812,74.76093801762511,7.368460219450181,16.677315263234746,0.5466614162505907,2.5970945245203745,1.4328231048034565,2.037486730255791,3,11,13,7
164.98242956415464,50.27203900924791,9.314663054072945,14.77917804116107,0.35108503224370974,0.7992422540458952,3.124292772476104,1.1084006894484875,1,10,4,1
179.15402117702075,23.22126951468173,7.156960563018635,69.10210295044608,0.13941057604626686,7.057651924456733,4.0012134381443705,1.155401764808917,3,5,10,6
173.28751109659686,89.95745732745685,4.920443752117819,29.824737345507135,0.05369951548994858,0.499762824951556,6.442315138956468,-0.5001884207457902,3,6,4,8
164.7023979623296,38.38912213732114,0.7034699296379123,23.699729407481012,0.3806987361056626,4.674006629044511,4.8872519494548525,-0.1521076749999131,1,2,2,2
175.13267433113356,54.35528611139886,0.16533456674992855,55.69845138132774,0.2794224044294483,4.440115262112059,4.831679588625923,-0.060374515049372995,2,7,5,4
170.9707754934804,90.6472110964547,12.681916509071321,24.46374510956295,0.3066911814390244,3.8384404267658248,7.816964743727167,-1.1559983165401477,6,5,3,2
179.68644990532889,62.42379959139921,4.794038447153901,82.51704324340353,0.34303308364673246,7.022754489411006,1.370794662265532,-2.7784255556353807,7,8,9,3
162.97946906122647,11.689804070836407,7.961362694658197,46.4772495402781,0.47611454437072104,3.156466534693472,0.8210485065169253,2.2424857754413514,2,9,4,2
166.72337853402232,93.98321236134751,3.284291801348973,25.946696420180686,0.2554704259647891,5.734547585954315,5.0573550433221195,-0.731004467241474,5,11,4,2
166.0789184686784,62.770805307141785,0.6238958208700401,97.38323851126829,0.5012006017832084,11.936629431661668,3.0120493746019052,-0.734182098898404,3,9,12,2
155.36485051867882,33.49056146570861,0.6687187455816921,24.462529496316513,0.15400666296079904,7.63113455903169,6.458204625196296,-1.7912109744537053,5,11,9,1
172.96120277064577,13.927207266338726,5.784894074723557,47.99264096882039,0.06323234040516468,3.5667761470008594,3.2342969465155957,1.9450190733940775,0,5,1,5
172.61055272179888,79.4025189270296,2.8132785996209515,38.46105958923467,0.44834545888275384,5.030581963514078,1.9963872547773276,0.17372766613893723,5,3,9,2
170.05113456642462,62.00727559285135,1.1189983744581806,63.48925282341348,0.10997586339778063,3.841965184257898,5.109237857122843,0.4065762966255785,2,9,8,2
167.65412866624854,53.34610919763215,3.382380067046655,72.29504539284008,0.29980310270744265,4.390156578084904,3.5476282462415676,1.7324747066520252,1,7,9,7
155.84629257949587,89.38925830509577,0.33181525396729833,33.64963047260723,0.5363077304756033,5.867238749198144,3.2364479522251206,-0.3692677041071839,1,7,4,2
165.79354677234642,78.85972112245308,4.361027161624753,22.72103312401672,0.06705426999363957,1.3198332643165622,14.084677596585314,0.27841134181601257,4,7,3,3
166.5728548347323,15.167487973275119,1.5666639830622868,41.678527639345376,0.3373425781481131,1.0103374924457447,7.4213437368335295,-2.556201905270903,1,7,8,9
161.9772273077838,31.172206779554823,7.986536450159809,23.59753636158058,0.06163751556213369,2.2780724093078915,5.569652791976283,-0.9847166485864354,4,8,8,7
168.38714288333992,24.848913981446575,1.8579419859009692,90.62169320741216,0.2669105924136806,7.264681327404746,3.630410398157739,1.0861649102522588,4,8,7,1
174.04050856814538,74.3946292572677,3.0368675459765626,35.455119795039046,0.014681933127792124,7.989885449606189,3.4014525392498207,0.7625759599195115,2,8,8,2
188.8618590121053,3.353243473577938,0.05844293025465451,27.58685039819479,0.09291290127017372,8.843478681351597,2.609362745264959,-0.3548403664993595,3,9,8,10
171.7457781283184,56.98896848713165,0.3760261115334893,36.31896849756864,0.16208459011388984,2.3623088278714155,3.907206785250059,-0.2828653507721725,3,7,6,2
172.57550390722764,76.24586857406905,2.4919624854285862,16.88518913665812,0.05558771864927384,5.387895435333595,2.2244784823489567,0.06946676994533155,7,7,11,2
169.25554084233832,87.67656367617495,3.2690442439000633,20.372643189280268,0.3628731421368042,3.6590759543286495,1.1094278507415964,-7.637547003710315,5,6,5,1
150.8122878470096,34.20817487159075,4.581710517459567,60.352776551839476,0.32618555306964203,4.535945681464053,3.2061948949461416,-0.7287978360412776,5,7,2,1
169.73486124550783,82.12573046720128,1.7241735753722909,23.844482778089922,0.5516768599767246,3.605612777989369,4.142402916851479,-0.875956174812809,2,9,6,4
170.60230209941025,11.063173695520723,5.9369205719459295,19.619902969957902,0.10991865606237472,6.11717455863303,6.468524488372859,-0.6912172570618577,0,10,2,5
194.63242112485287,84.64522917345182,9.834937522015512,43.307523649915375,0.21718481039517945,2.8278104582610406,1.6798971382039096,0.9462647093362281,3,9,7,10
168.07639035218878,12.748866233198243,7.567253193487854,59.910517698665444,0.07822097883115157,11.049419827576388,3.421915150735823,-0.5809839722058485,4,6,0,5
173.01547342333612,39.72872905603673,0.20212508198851578,47.44051712932545,0.1767688055025618,11.116401723689036,4.860553141719687,-0.959608953701161,7,8,6,1
169.65288230294757,79.72953657795536,3.2745092075105413,54.49036204954032,0.5954379734962468,7.103393995633033,4.784371317430197,0.008563483772223211,3,8,3,1
158.31321962380468,14.991742734877377,0.5542677540477307,22.682698555617343,0.39717268660938093,10.181952228496657,9.428590708072242,1.3141228185480491,5,8,3,12
181.4282281451502,22.92513952326415,1.385656413923591,16.266286721430184,0.1055672064555032,1.2657147669812627,2.650079392590355,-0.7283611634243778,3,8,7,2
177.51933032686773,72.22525683930662,21.585913276147167,70.15217604671325,0.031185910555505757,11.488365568929371,1.5565207474474516,-1.8510478885526065,5,8,8,2
177.91031947043047,72.00365365460743,0.7686445108652931,28.181340670264994,0.027957961979081927,6.619771158882399,3.592318158866786,-0.33854111489568356,3,8,3,7
160.9061254520526,64.11476328852973,3.4546297810450373,29.212114161145948,0.36797659433535934,2.9781759048890484,2.7605504947895825,0.6837983159571962,3,9,2,3
184.027943109361,69.39484444671,4.813712174806433,64.33456665940062,0.159129571300425,2.7240228491781315,2.389265478139307,0.10689623804223676,3,5,5,1
155.9814893720772,54.27244433475962,6.0611165742886906,43.73352649770285,0.7380869638355531,14.177320816072424,2.1344664179066375,1.0039934545573237,2,9,7,7
175.8685709380027,25.179905890695274,4.100912120190553,41.59349920897021,0.24369917696780016,8.942581586602104,4.1544243867795085,2.5155839662336614,1,6,2,15
191.90455625809977,34.56959935039195,0.04909447692281613,97.75859979621215,0.17097774059130702,4.441474181830181,1.8935058415329984,0.8802600859618259,6,5,7,1
160.09463674869312,18.159771680142565,1.9760491799893007,24.004489726986233,0.08072398199878913,1.2500075463401337,5.566296232199703,0.2326967351211844,5,12,2,6
164.33702270397228,90.84505613336283,3.6460654678634166,52.66336560669626,0.4477791997522805,11.886785057801532,5.386700956454331,-0.013406287933518956,6,12,8,2
170.9965136508764,58.339179476612046,0.45984458552025365,34.07304363547011,0.19735165471552502,1.8209915467215576,4.427000331323263,-2.5240029754249935,4,5,2,3
164.96524345883802,40.08514167636399,2.158739455418413,37.87518466387953,0.26147296955370153,3.713793598893562,1.3685648226570484,3.4623482913388886,2,8,7,7
154.49336568933867,46.20058036441327,0.16883422852762026,71.11044367877791,0.2791904822094437,4.436614006686122,4.020071859543399,-0.2653177028810723,5,6,6,11
170.68562974806028,94.72833396118153,0.40918844804043625,42.688001188931395,0.24924642287697085,2.6874983570589928,6.760318280782364,-1.1892272962132189,6,8,1,1
159.37696286273896,15.33514031160802,2.528554267677974,43.34312247415111,0.38880045320267814,4.280791802234165,5.842580297325076,0.4055916823077105,6,10,7,1
174.73592430635182,58.62298320167972,0.7119425296233068,56.613850777489084,0.08983097773481848,4.972764490286409,5.293527890885306,-0.5646192726802762,7,12,3,1
160.80575765766196,50.5888678884466,4.191337019590604,27.59193818278738,0.2393537041475697,4.210572528047221,3.3836263131931,0.18820669050605998,5,9,11,3
185.4993440501754,61.14542354346478,5.84729281579217,21.76700228331046,0.20045204994057464,6.342417415450376,3.2711550956556477,0.19059869682720004,2,7,3,1
162.16746707663762,1.8110183820840509,8.061878595553797,19.64053225245253,0.40099694375353145,14.528051099701987,7.501732316663816,-0.11489511269161354,3,9,1,2
166.77938483794324,87.21239089441515,1.116656871289236,12.38915762845993,0.4674355152035755,1.3171586275572376,4.107097185496335,1.115465197799236,4,7,4,1
178.1351721736967,93.21182824836124,0.9165056756753848,92.58281719366275,0.12791579245418194,5.6362340357482,4.14424256701748,-0.6350025761785557,4,11,2,2
157.69135683566046,56.51331835892089,0.5522440864253784,19.07532885523649,0.40373494198452503,1.840393988741691,16.708169950025702,-0.10840382712995156,2,10,3,1
172.2745993460413,69.66508238768922,5.058920573520652,29.647363128193984,0.08948655761560051,1.1839280853610963,2.604877603993242,0.07837704094733383,5,8,6,6
183.07142754282427,92.24993811772957,6.1289746975579975,28.83509870203263,0.24781566399063273,9.655720337355428,0.32505912355475836,0.3963806592522397,4,7,5,1
153.92516765438774,70.72386343133986,0.16047873368016055,38.61741532343421,0.26449203451846,6.001439565788348,2.912770495025953,0.8391993774957841,3,7,8,2
171.84633858532305,15.253904291426135,13.760970272244544,49.7927109209968,0.4549932251283338,1.1031590456170555,3.0460072006538588,-0.23621034402628155,4,4,7,6
172.59882794248423,57.62883601668132,0.26685242839504014,50.91903102660433,0.38950793387251037,4.277683573062284,4.063288509872195,0.3454438045243212,6,10,5,4
177.8182287177731,60.67150463828559,3.89675444047811,24.74098748591141,0.09718177285658083,2.2837405719691826,4.752834789752329,-1.1999080561624236,3,8,2,1
157.63049289121918,42.4130671302386,6.173200020306195,30.460755284551503,0.3828986050331805,4.398013972378992,0.4084077855821176,2.0046769931792285,2,7,6,1
156.79543386915725,73.64442356247228,10.238517762273805,38.14100595850744,0.297838427885603,8.19210380542625,4.821312308373387,-0.2664195794586462,5,8,11,4
175.21941565616896,93.43670147690149,6.260337364360131,29.243415490723443,0.5903979088514874,7.612695255962722,3.187324441334768,0.6144151972695895,5,10,7,2
172.96984673233186,92.55685129067763,8.090579362983629,73.97097510931113,0.17609833187507087,3.626977491993501,2.6999072823047827,-3.2019655193354026,5,5,2,5
172.50492850345876,45.08393714041321,2.073413745732168,42.329636864606414,0.2144134952920709,9.969058011294024,0.6774575525180175,-0.8906856434978947,3,10,3,2
173.46448209496975,11.323804584075525,8.432272846739616,47.819757600782346,0.6204682337798468,12.57141061355821,8.543590741213903,-0.02617449417138554,7,11,5,2
163.1997527842151,98.48411989623345,0.4175322487908133,46.12894533097888,0.48723314496000425,8.287700466292277,2.3634072869151463,1.4126586055137504,3,12,6,2
172.32253697161005,83.88980864459342,11.26025159392608,59.545273879209226,0.09620692451496077,3.1406268935521084,5.342401107653324,0.056052284545661954,3,7,7,4
172.93072473298682,12.466268120326685,3.9658584143946474,36.25258827175258,0.24965580347196684,4.513004978152989,1.6586217319079386,1.964264313037745,2,6,8,7
162.85648581973632,92.08418826173724,8.499488048327594,17.315187837042423,0.34123779909224605,14.223908586439162,4.19153632236822,-0.03294291493654473,5,7,4,1
188.65774511144755,86.98963620621282,3.010304859675232,40.44099409713884,0.4009150563139554,3.85361826841332,2.73368762008366,-0.019286603118222143,3,7,4,3
174.73832920911786,51.88380571260721,5.158195008600444,23.91059229710146,0.11793590761943248,7.629791579642954,5.230583099152014,-1.4292286808579517,4,6,4,1
158.08696502797352,59.127543574492925,3.736989069793848,25.42395040623365,0.5572754113921149,2.6549103169810584,2.6624781979987615,0.9296609368048703,4,9,8,2
176.56553608633828,39.90027038701302,6.576189174934603,44.39744884660333,0.06294278801876782,10.017235856943364,1.5918885066827562,-0.7053598020971228,4,8,0,7
160.2531832977268,5.476163882203133,0.42577449944478085,61.50641853053324,0.12295220654768162,2.3895645132514947,3.2970623196497213,1.6055702950410002,4,10,2,2
177.8708460374245,33.519724164590095,0.3112501565950754,33.46954056530962,0.5302969759506505,4.668951834549286,3.174178744438793,1.7239986240743985,5,4,11,8
181.58595579007405,80.28534485980114,1.4191357876995818,38.64496544136277,0.2709993961105075,7.438475634783607,3.995816428816886,2.1770122435250365,4,9,3,3
161.79317681648288,0.4632023004602859,0.8690574325757503,77.56431570917819,0.27708902751884185,16.179043185151844,6.331593430399143,0.04130229547773303,6,10,2,8
179.6337612924432,33.34991716911442,10.270177785011992,37.35163141510821,0.301184192228817,5.919709031877078,1.2899684642663534,0.4372461727281364,4,10,3,4
174.12780926936497,39.81686935909433,1.2372707909027696,121.61271851215615,0.14014940155761468,4.050154478112779,6.1172949639349445,0.8142572047877356,1,11,6,1
178.2206015999449,53.73956029379229,18.620514047170467,43.93691358086069,0.07373378490111673,3.80705908962923,1.112688607485618,-1.3392991886954024,1,9,3,1
188.9679298265395,91.98556164127605,2.0541156216571466,13.730486059420919,0.32915651051709327,9.717648287178847,5.093209872432504,0.22553940657846488,3,11,4,2
167.54611883997129,34.634599436596126,1.0051855198942645,48.26326974291253,0.359768584824016,7.0135962519414035,5.203200164414215,-2.6795239326146385,6,7,4,1
162.46263835642512,34.69532018962277,7.796065487971737,40.06804734805786,0.30977747327024047,8.077846593814641,2.264107202685249,-0.004879719712679082,4,8,2,2
161.10485570374476,73.75012481097484,5.375081026707593,63.10981959686595,0.18035041428788406,13.559984559944285,1.732961543641941,-1.1721984542097306,1,3,4,2
161.84189715034563,45.221794088980715,3.4477255436171688,46.367124093416514,0.11049325801614986,5.236341053601781,1.654687465586994,-1.0055432039036947,5,3,3,9
169.22898290585897,22.460482293998197,4.052491495578103,30.900488968695104,0.2268526189451653,6.659751505837274,3.532621529255533,-0.3145804336248178,1,6,7,2
173.41151974816643,45.24395161326934,6.350594698644832,17.954681376580023,0.6389059701703222,3.7650627614493346,5.435363889999399,-0.14517106187251397,3,5,8,5
172.76690799330018,14.085702037979985,1.2967997284335335,29.829217653788156,0.24313915351568324,2.5650299161377053,2.9808113998292955,0.2828203750967616,5,7,3,8
178.27183249036023,17.63869865062233,28.043156160238524,21.644248758407556,0.21596804604807857,3.0259963373576397,0.2793030754174832,-1.904770261254831,3,6,1,6
170.13001891877906,49.83677727394797,18.403199889450473,24.772601769273695,0.24855717435847977,0.2805268960647471,2.144629241745265,0.0074109155987484,4,4,6,1
184.53534077157317,41.89254495045479,5.253765450662784,44.44663260668794,0.23747045971287373,7.384652251992895,2.0829314558323953,-1.0071725151244717,5,11,1,2
167.35343166762044,91.48459010681,1.1128588923444667,76.32131462604468,0.5319284493276698,6.848458317131264,4.730549460888089,0.16011047927734245,5,3,3,2
197.2016916658962,36.23938991166331,5.700738976376844,40.339686655645004,0.39043892434622446,7.273030601604847,4.90102119485042,0.32132052015251034,2,9,4,2
176.25667347765005,58.05883502780434,0.37468685917146644,18.211594815005185,0.16973758904288572,2.4148894376016363,3.7326971215095703,0.1203822379017236,4,6,4,2
161.42842443583717,63.22642879195304,0.1556605826180974,41.35946662115258,0.204026175015018,3.071462304907604,6.124938619590149,0.6473921338108777,4,11,5,5
159.29107501938887,1.3094456588333636,1.4898937656944828,60.238744601312156,0.25492632671059895,2.986238234186551,6.432332314781354,-0.398660578794619,7,11,6,2
174.82472415243186,66.35373720167107,3.1052765093671946,24.412823507744253,0.28906082696293733,10.692690649895196,2.2495754467967704,0.7554762685947786,2,9,0,3
167.7653721467415,17.803596686975144,10.135099625954203,30.969145942127344,0.14078969013769074,5.757295259271627,1.6229465235631118,-0.14440843268228212,1,9,11,12
177.14000494092093,96.10703174694551,6.494514894089445,33.35955030602936,0.18846863488275697,5.193411976329102,3.1412466816157028,-0.03214206946047202,5,3,4,1
174.73237624573545,14.866272775311295,6.787689523746609,22.36619894316437,0.5651992012277928,8.607932450884773,3.727293984177113,0.3512670991855905,3,13,0,2
169.27171087343126,41.462412372702374,2.7712178970370696,45.79341103572434,0.5441384134079766,2.994922831061643,2.1587756404750174,-3.3045217345750744,3,11,11,5
161.53206281931594,8.534966807864386,2.122742663447413,31.172176736850606,0.20749581324893812,6.542314409075198,19.260474066125123,0.3681526224063811,7,11,2,1
154.85152775314134,99.68742518459473,2.318428252736485,40.84425692019657,0.1937947313120766,17.570887947916848,8.222781885945036,0.2707204680803097,4,9,3,3
165.53485047932978,50.21950103312426,21.97031945758252,21.24781169691347,0.39173659785710696,11.849442242775227,1.9970195505093589,-0.4785290943558048,5,7,4,1
178.56398794323474,59.53850173200438,0.20467871021964334,26.609567986130745,0.0549042835324885,6.470512921358539,1.3401644582997183,-1.7626557037098503,5,11,6,6
172.14093744130204,6.7076477388427485,10.088214958778694,47.521901021427105,0.513200034727355,5.343351323246878,1.8653850676908224,-1.704458185222073,2,7,10,2
157.54261221288013,74.99604703991778,4.321758706763312,27.483434021914505,0.16801384883050952,7.228109050541221,6.5087231396517975,1.8737127116192835,4,8,3,2
171.73180925851182,20.990559309558577,2.886745405173298,78.53009488235288,0.34984513829632496,12.961008601066277,6.613983926219398,0.47571372880126844,7,5,3,3
173.85317379728838,89.80542894407138,6.459607837444352,27.117571353299493,0.06470899156806993,12.351482982225242,8.287998326630051,-1.3696133557589227,3,11,3,1
161.16142563798866,20.513964048200716,3.33417151799607,37.05274221398497,0.3992098512519557,14.425749587008298,1.5813209903631482,-0.33764805355815264,6,6,5,1
171.5372510594553,19.068772066366655,10.334531706338835,52.78860832090727,0.3602074853627584,6.000902823621978,4.717533839491822,0.20452543385524316,8,6,3,2
170.58208718446,3.654966784809488,11.548142398101874,16.294329005985766,0.3368158164406375,0.4943516099312983,1.7113386831892086,1.112133520455161,6,8,11,2
158.57029702169376,47.206694510999924,2.7384935067701237,13.730169899225409,0.12566751557557146,16.761570545365338,9.455374423814325,-2.438154476042237,3,10,5,3
173.57787360348283,56.48411332626164,1.6205395354257095,15.443247344390137,0.18674564305294103,2.5599546379607827,1.6294044856798648,-0.7480971251090994,4,9,3,3
175.60784526368235,6.570863942835237,4.486735609704546,62.25831194883444,0.3090542956810058,8.509615203619076,1.072251790156491,1.5118484258186244,2,6,7,3
180.83051243175277,77.55276166950105,12.172779697617994,25.130215503195693,0.16110471655100672,0.5085768015672459,1.2714149115122289,-3.999156187964881,3,2,6,3
180.53802052034902,45.32888347480276,1.1828044947501228,118.99716185083444,0.15601939383489905,5.111027555399046,3.3079787054577965,-0.9093195729942892,5,10,8,2
156.2233063204291,52.439026932758004,4.877107288497878,24.975021881523382,0.4891720840330514,3.8592545192346135,5.383027542911689,2.5016258635116784,4,13,5,1
160.62174960084877,44.07627469382282,4.992390001127717,36.316625951202866,0.0405952160464261,14.447452408254485,5.1479856717163015,0.25722230797124346,2,10,8,5
175.1503526720866,40.0763060875326,6.604650075634277,71.59712906348071,0.5013100171730703,6.530887407263646,1.3220691218904208,-0.6475187077972027,4,8,6,6
175.13785950912208,55.96403313082179,0.7053281485133022,90.29178159820309,0.125480123667906,5.070104156408579,2.4594609463869395,-2.010048407330762,6,11,4,1
175.15047686306048,15.52402459307125,6.29082454563555,92.82832210422127,0.37832624698778555,7.062955429222777,2.2086324407109434,-2.875593243975357,6,7,14,2
208.52731490654722,18.19281304952711,11.986266031446224,60.59322664517327,0.32221290371486117,0.13734774205405959,1.1539970433531554,-0.7143909208421418,8,8,7,2
175.70890510693167,86.17856210135173,0.9903228039007228,55.25900220187051,0.12136225357209524,2.93571337751317,2.1662812896087598,1.4395754790900337,0,8,2,3
181.355656401806,94.61154621336327,1.3560479584358098,44.534469044280954,0.16476671994108208,3.337315905401181,8.05964120622209,-0.1841304214896899,5,8,9,4
179.540017634932,37.330931627975296,17.770885194307557,48.870822332695944,0.42106902306580285,7.87583047174725,1.0097064822155855,0.5810098087494193,2,10,8,1
176.513912513058,27.074467314355378,0.9982152737757894,25.138666073645368,0.22306564310409913,2.073100090022625,3.9094913080490796,1.81137094784499,5,8,3,4
166.84730755359655,64.39995432390158,9.63394883878329,21.99687852993751,0.7475416808203147,5.809633101742982,8.180421136822655,-0.2032417583399697,1,7,8,1
177.58969220493267,40.87341710980964,3.3891047127677454,33.05962572660702,0.17653263115212867,4.699982603629904,7.909274006756961,-0.9608835194203315,2,7,4,2
162.2717478546243,2.538635566034486,1.4199848499718524,30.414141730156263,0.16939987569774237,3.0757300984426506,9.73864737635978,0.03483563784716542,3,4,8,5
167.63181393259993,15.615259736619036,10.230030008724246,26.400579887228673,0.10123676310915995,3.2510496607990547,4.185215121969044,1.6937295773033987,4,8,1,2
165.14636452170896,71.59722288473975,2.946686627799779,46.9082573909786,0.15521976788527783,4.666525311801074,4.627078615021406,0.9384055423090032,1,6,3,1
170.81874139386323,65.89239419101514,3.6161493455055904,53.39155590193981,0.2516719879928031,0.7105959101254583,2.199417422412295,-2.0275348163595805,3,6,0,12
193.1465856667351,2.709599250348349,2.2254497958890394,34.61210385005013,0.6988438963940432,8.69025191107523,0.9881513244924122,0.48636978742468107,5,9,5,7
151.32734807408252,22.197216193294945,4.494106713425393,69.32218886071044,0.16287619472878653,2.5437747878285313,2.9769537854912556,0.1552454979929051,3,9,3,5
176.86260190374514,23.10747965880714,0.8927864880881569,18.711820621104224,0.03586107451957101,4.059785279090366,7.041868787692264,1.6870014395698694,5,9,3,2
153.87284128810347,67.18927435987284,2.4803545318173676,30.059245083700997,0.18689261626561332,14.097997723611577,0.2729042380591088,-1.4066487791261417,7,8,5,1
165.28068134210565,1.9710537754364155,17.43579020910572,23.14060437686367,0.28021975907890234,8.794458828351695,2.281572204164181,0.07049996344685933,3,11,17,8
180.88950596967365,10.410858198457385,1.492929402120031,13.023191002942406,0.5039853388745347,1.7354652362450094,4.942417644367886,1.4226487959951895,3,11,2,3
170.64280019095463,79.99160853731894,5.346286922585514,31.774359422556586,0.2905356993774629,0.09512061022869239,3.3414673365036984,-0.1983929239634514,6,10,4,6
159.22255222070694,17.85446620543336,1.9666210219446354,31.159720334204085,0.21370325400439458,7.281248620689792,7.624508458796117,-0.03667452854986352,5,9,2,2
162.84696290740033,65.27461078518748,7.424458453535825,70.57845102413023,0.17420404077010232,4.1902154719989975,6.568835792658654,-1.959553307801188,3,7,6,2
176.79597748934677,23.81827810467265,0.7013338980506838,45.39517592656017,0.39919600736253635,5.835692800111144,0.8676971500099483,-0.5864704259087696,3,13,6,12
162.69633368282862,9.944139275934516,17.503052272121998,19.844097104799616,0.2659319496638474,8.591467858525553,3.5518128768376407,-0.43230207198274395,5,7,7,3
172.16458589581976,24.317219099945408,3.023754610823689,83.68387303855522,0.4020401338219225,9.550512714346466,1.7845375504352432,2.209503735987071,3,6,6,1
170.45571839903815,72.22669318556592,1.346267717488601,60.97822588604057,0.1054043592980552,3.5584758342880587,1.7648641287089495,-0.5703372965567448,1,8,11,1
163.48399652394184,85.56964681062857,0.38168861277968535,44.30284302969085,0.18962207868009487,4.606671745564979,0.9384433081853787,-0.0814948350828048,5,5,3,2
191.43944089325325,83.02198645669915,0.9301897005229697,29.56992952621933,0.3548328182831716,6.683198435884151,3.992803283470398,0.4194760755982172,7,12,7,1
176.3391902231801,39.71835296184548,3.6674917271479073,20.497037871650505,0.07851743073924757,7.002866505060675,7.728713157858022,-1.1258804748940987,3,8,5,2
149.74857413342392,66.80851365706462,2.054925399025833,27.49204285195441,0.12350488995470801,5.793221300741057,4.250496907378817,-0.027489626949765433,1,8,2,2
171.86454314769426,20.498429541582098,8.827049420610788,57.07546330455345,0.24137784545030638,13.07013791506854,0.8790856657528018,0.6483231166009997,4,9,5,5
163.3821353523161,29.314773026101328,2.818385953427962,84.96956665001416,0.4688543103047804,6.946604571553863,3.202063597640387,1.3231709384650492,4,8,6,2
178.52433334796223,89.63358185211197,1.4298461848792552,71.6377209488903,0.5491671814360513,8.502996239576166,4.808346362211661,0.29104578917550206,8,4,1,12
162.074792615673,1.3001923510736035,4.800494582867339,25.93453009586329,0.13208665662881736,6.16146475707038,3.0248951643485333,0.4126514138110829,3,9,7,1
168.852635585331,8.550853085446807,6.134113034796725,18.919464944890724,0.29893631402013454,2.0586974736291213,4.196657573319402,-1.3760789360245818,4,9,3,3
175.04987278980457,20.78862551460273,0.9138597384292341,35.532334874622784,0.5146805029932751,2.92758553868832,1.9107979320157873,2.221493653825774,4,8,4,1
178.65755194170123,2.6532203873819715,0.9173263506538034,13.677885304195526,0.40089713682600786,1.6636413867042132,2.761017956719728,-1.3274665338657323,8,10,2,4
157.99703592944223,18.143543508979732,0.18680364004741368,38.922942454449945,0.2842255949831302,10.293726760421311,2.6293897520339335,0.7970551391644097,3,6,8,15
166.6549876415905,58.304156096969216,6.66665060394917,30.759494377834393,0.31754411011338207,1.0962664779758493,8.66725286546039,-0.6355716381232454,2,6,1,5
165.25054688839043,42.1424550592498,5.450312625735495,26.23204484425962,0.13848346987034896,4.459522449267977,1.3486649780998292,2.018807789759221,3,6,4,3
163.4667076742629,89.26717110769748,3.2182708481764637,14.919192425994076,0.20097123645401038,3.721388222080269,0.32747475576921464,0.5796740034405281,5,7,3,2
187.65454240281096,81.7443561738441,9.294962453380752,42.81121295839321,0.24188964316220724,3.6417113975947437,8.30960345138758,0.7085195847542085,5,10,3,6
174.04981710960956,34.1817351697876,8.190991605846756,25.372085666099288,0.2295611941890383,3.9072884862375306,3.641423842957293,-0.825266208481752,6,10,5,8
157.39116045664954,25.94234334312925,4.401655068179608,18.449579559886583,0.2156860757163646,14.726557361160346,1.0983011929409214,-0.12094809173708021,5,7,15,13
179.17861947054777,37.96924081672669,10.135053132645012,7.8763838271705335,0.12310958018220286,0.6493721058949637,6.188423011367804,0.26869858994686235,5,8,1,2
191.22156197012634,59.02949425148078,1.1523592518528678,32.662987217994264,0.5160624858560737,11.99129273087108,5.014788032376573,0.7764140926273726,6,9,7,14
180.32465260551146,26.806364082287626,0.5934651069514228,80.32860613791435,0.2623139249573352,4.180563888368577,9.591983325461527,-1.5706078918182336,0,6,3,1
154.80630034045987,62.4148907849134,1.57183902864054,75.99211669994422,0.2309942687514944,9.122707796203633,3.855755399193349,2.586682038487813,3,6,10,1
165.15765927133748,40.941165219124045,0.29390553364981353,26.349567777103577,0.09595128593448145,5.315481834335072,14.109915703929499,1.5161358434859469,1,12,3,1
182.66911149186623,55.204718085198024,3.7875702141697194,24.505411478123115,0.340353357371217,1.83790445469537,3.045614757858059,-0.6148958962360864,6,9,3,1
162.9233053438122,43.61265291353167,13.791906027009833,41.86236143188766,0.15694670027434335,12.766117113643787,5.021331491138191,1.0371047232966049,1,13,4,5
174.43819428146227,29.44657595419177,0.20069208204691116,20.101758130237172,0.1620025771710848,11.468807236575193,5.5282495844842705,0.037336249793069314,7,7,4,6
177.74634053429338,94.84533069621567,0.6511693999155838,38.50915286953066,0.19459935313145535,1.9736025854389831,2.354539213378054,-0.07946216616932965,3,9,2,5
160.73069528421917,76.36057941597608,3.0092162415096544,48.571655431491706,0.3889033363849212,7.679110072257615,2.2943309375715475,-0.46383356470665593,3,6,1,3
169.404746439382,14.011317576645254,13.581043269379974,61.15836282261282,0.3240072686151163,3.0456565034809433,5.606096880612585,0.17666220907069588,3,7,3,3
137.58732659930928,86.84679758979128,1.900128055283935,31.497965667439185,0.05696068686177275,1.1497286886793745,1.0070150911229532,0.615775548555925,3,8,5,4
159.7561235866571,48.743119824951364,3.5386125188567257,29.9091102586195,0.5068443274386882,2.549503724450426,1.7742386836631305,-0.19617814551820065,4,7,8,2
167.4743184860684,89.45522268940914,0.21230866500525847,21.349081264088433,0.30439250526781686,12.270341406514184,2.9810964786690044,0.2989970271496788,5,6,6,6
157.5221681803515,79.98552559473153,0.8028582566820947,21.901602835503738,0.2972452247392276,9.277436962026297,9.397550527048404,0.5085379796047099,4,7,4,4
186.32411303931636,42.52135044692334,21.573755422666892,29.57000651086675,0.1367056096153261,3.944789778853476,5.608721764916326,0.5486030113346023,2,4,1,4
155.69858622039368,2.24693083201174,16.779021539099546,39.79267115134134,0.44914011712217095,12.30921176732208,3.535075533588071,-2.2640165514742248,3,9,1,3
165.59955513303015,26.867735938494608,0.024761114869138078,52.28932885779535,0.25181479605739426,10.881485927884459,2.1788763837376877,1.271165908402506,4,8,5,7
171.3074057728609,54.16342146608669,15.163203993394077,22.162696211232248,0.16951392607312646,2.5531281964826817,11.875218869532377,-0.08718597819870191,2,5,2,1
184.41273289066115,63.347821982614725,5.096048067842505,69.84959478573418,0.08014649270573643,14.33979621805208,3.18604056269218,-0.6446767562781895,3,6,4,2
155.64137848820562,25.788768543320227,10.121672834882553,28.917247010322722,0.23253705235538352,3.6910659840083864,1.7727408953737,-0.726643955632117,0,5,12,5
181.6316375215496,13.935607407282413,3.0324613454600473,32.7635413456237,0.4841625365767797,4.117704103753074,13.346948985374357,-0.03456222605787598,8,9,3,2
170.10233061019588,83.4930236799299,3.624180343488855,22.791648167864707,0.1693257626556566,0.6710944289021835,1.0538990275494173,1.485730588691051,4,5,3,7
160.18491348952048,98.44021807035521,3.3554274975442997,9.854023706207796,0.07477892700140167,2.9965197488469175,7.887844605252807,-0.2787947970487597,3,9,4,2
174.6210347426327,52.56901823026858,5.496026185327917,51.522710867443045,0.18524232349219433,4.486828400338619,3.370935924297803,0.692050768973032,8,4,6,2
171.9905969557347,17.16792858483035,0.7520872710472859,47.86679019155575,0.16796351370450527,6.288798260711834,5.599422861135911,-1.6417676209246683,5,6,3,7
163.99783122841205,27.230732651936897,0.15215990459985634,28.770087572487142,0.2763354949660545,1.8440742834339987,4.925797784435626,-0.049071129119157404,3,11,2,2
170.6980208499002,1.8390676547466733,1.8403404400689043,34.24345181726509,0.13097855154707988,2.6588972023330815,5.543905850961366,4.096684144038829,5,9,2,3
166.1468640313824,91.4298806560499,6.098491737704197,42.86131234214275,0.1542500262093677,14.548493824440493,14.12513847855219,0.7784340938405594,1,5,2,2
171.13517345251248,11.775108289014113,1.1273152721830517,15.161011074466932,0.08993538353011882,10.396730912884944,12.756939350275873,-0.8649871174469446,4,10,5,1
176.62130674521046,57.651647551425356,5.595592046659895,25.418408645089603,0.3465590425511273,11.720814512240562,1.8560461207342416,0.002887111093070554,3,8,3,3
185.86016816145352,27.4055220687206,17.51815195114605,49.26098260485842,0.16499025374641893,4.786533080427508,4.7951909636576,-0.7608918443171037,1,10,6,1
157.62184501173152,55.417800251579344,0.49303196860893483,17.68744893647203,0.1454381844637113,6.426441321395762,0.5950275913480707,-0.19952242167255502,3,9,7,6
191.33033374656267,65.14203883518643,5.582895419522681,38.35093721910835,0.451163889216197,7.800358245327511,5.961071008191426,0.8213625510901879,4,9,4,5
150.47912200477498,82.97418037072016,2.9326891987858676,16.80554846552115,0.5292063498589319,14.408058237145864,6.93416334963556,0.7818683032356697,1,13,9,1
168.48214904964416,20.64212717606032,10.130158110967582,41.81332176286537,0.37717719713879494,1.1227747296495187,0.3337882206367703,-0.7848223123932606,6,6,4,4
175.88317206484575,1.0995828658480478,0.974905495293219,32.53053734688395,0.49771530922633084,3.2595154810896623,3.2767626354063157,1.8607664313767662,2,9,9,3
172.80991867735034,13.688563006880727,5.898449381901769,14.767577852220436,0.42318456662924475,6.003738444097287,5.592358489707333,0.2047344994090583,4,8,9,1
163.77300480179406,90.00186418481051,9.104354307988228,59.285791716061766,0.21733647489695554,5.340975995302543,4.32473484792599,-0.2746360998620402,4,4,6,1
167.91877749642725,87.38900775625153,14.467161936901364,22.935919334686428,0.10549743468741869,2.62920875279098,1.0755324503491024,0.00387867390156137,6,3,2,2
165.06999065341168,59.74131021703083,5.74818117492311,22.084450895199176,0.17711581607683305,7.329072428501705,1.1951660464697518,0.2359027382430074,3,5,10,4
164.10635243055788,60.051686043365336,3.437563063057698,36.60865173283207,0.15601042342477014,3.3695522292678706,2.9883342058220093,0.1275846111937195,3,9,9,3
178.49602097021025,66.50366745462554,4.8096742777547075,58.81039792406721,0.3583027272484148,5.049849878602833,2.354272260405189,-0.02756641515898291,2,8,1,3
173.57015485965047,17.53712786234496,10.159164546839555,19.92726890592585,0.2382117203777517,7.098104058986442,2.540500717321473,0.009914595752262632,7,8,2,5
163.07090404739347,91.44119459249598,4.226945460345029,34.152641225813866,0.04443763713492062,3.504191033441129,0.93130319149067,-1.0417864376963737,2,4,5,4
178.9959987543325,41.87705248920731,0.15429158866952597,41.03429785955315,0.17743415640634938,8.747645796812511,3.4150560188048282,0.9820721814189344,4,8,7,3
173.0729952087661,38.31385282494975,13.364527536495865,46.83134780721872,0.08105034586883751,9.875754821388483,9.445328341280215,0.08721573228551188,5,11,10,5
178.12862118838962,51.89177052828376,5.848287680055751,36.16966476622404,0.23325972978998843,2.7183838040599855,1.1219243599686721,-1.3388013296371215,2,7,2,2
176.29628841923613,4.696596677505505,5.642987719397445,27.563324882206413,0.4563029734443914,3.3494580516094916,2.7977108188917077,0.7599585828225051,5,9,7,6
161.7100498907793,16.628336875607943,1.2146599900901198,21.893830606630054,0.11099512270858747,2.1137340528231627,5.167797423871089,2.001650894796564,5,10,4,3
164.3981895980303,73.80336164263704,5.377684968340444,34.57296234689071,0.524107383079782,4.964111764140722,0.7142704889784126,2.2501235667574053,3,10,6,5
177.4729360512326,8.279866792512646,2.5032578244792942,19.37397157842103,0.2494485341513156,6.285659780887423,3.4410775595355645,-0.30376340022145293,4,8,5,3
176.10370265433465,60.31521094663882,5.266755678436183,7.685417931363238,0.35765966969172464,3.7861323861195473,6.792412892437145,-1.3055119377317732,4,10,3,1
169.7909840603585,24.534910968132095,0.5635653439134802,41.193476320342064,0.1411241998676989,6.157373684685832,1.369761849451931,0.03749342916431184,2,7,3,3
171.17327383308782,38.929561404197656,5.362461592329283,52.03764612265017,0.25621935561558057,3.275759342512285,3.696750139394801,-1.490684420274365,3,11,2,2
182.77664895788425,28.869373677069987,37.20861454852203,10.160765484035503,0.5239791499617252,3.365541212107262,6.46232164697845,2.024762745966379,3,6,3,4
164.0842861116417,35.567271646494916,0.24706499447150343,19.988051052676692,0.4819498063691885,6.525464619785268,13.659172670461972,-1.0019595885104942,3,7,1,2
175.4709738117004,71.90459051842456,18.899315562811143,45.13135015922832,0.2639644320402215,3.553769768321933,3.5563559895334373,-0.6821444929307804,6,5,4,6
167.97807347566106,29.7121715623175,2.6120284122729864,92.64247546940044,0.22351415888456408,4.759488489313597,1.809485687261989,-0.20668836632687934,1,10,8,4
167.8231879677278,56.64046402968972,10.230167305078766,33.461544491661485,0.27642704708167387,6.694915580374923,1.822940023955431,-0.2661437795913171,2,8,5,4
180.9877685198719,47.60504021990997,7.625150284671463,23.01160213480496,0.32112925534140707,6.091762464300297,0.87626458531724,0.8899550425466017,3,6,7,1
178.25416348988028,66.36711653626482,4.185275529632762,30.22144523361939,0.557406885681536,3.3148728480093164,9.953223278245664,-0.0914207482470145,1,6,8,12
178.13509636000637,93.6829739324758,6.705633929263293,65.85387086795562,0.16218908617481992,10.56760588581698,6.196515770719304,-1.0743006656987055,6,11,2,6
183.0547880715433,73.25720972102503,10.539845504791698,23.975150795270054,0.15480747939205203,7.554452261589931,1.1948781361873435,-0.6265736234406746,4,10,0,5
170.2100384163276,21.494037859075675,2.5887503932435134,22.206920991692897,0.20960392282734935,6.00429421694372,1.7194765466295734,0.018394924357593788,3,8,11,2
176.81952971294965,3.1183135061284672,1.9802961239550323,26.013827898902342,0.10686653718771086,1.854673072464049,3.5122024982344735,-1.2210923956865283,9,9,7,3
166.89733243406545,26.22640442998251,5.506981585861535,20.55975853005045,0.36441921405229005,5.440435734988684,6.757653983796134,0.25271571843355,5,8,7,1
173.24166352488442,59.507793070025485,8.247289214855368,35.21017692472419,0.06985421523280302,2.9454169748801626,4.8037154218470555,0.1409814907897487,6,7,4,3
168.69856945632316,5.1425813484250344,7.1834168441025605,74.61482613616096,0.5752524381494896,7.167980131960042,4.477209023605848,0.5610749593463098,5,11,6,1
170.96995964992718,49.636624720123635,7.992827382238877,38.921221299190606,0.28165155884564697,0.09089350892084222,3.881578653602605,2.082720758508992,3,6,3,3
175.95157025436913,59.68428489168892,2.8598124837094323,29.189914300353415,0.37944115369394515,4.071457639844665,1.2585999681842541,1.7401682157878866,4,8,0,3
161.8177931676653,33.424389081696084,8.514190531929316,28.619673488129003,0.045659631002925305,3.1922394940605523,3.5471010641458562,2.2270253678506964,5,7,4,2
190.9238727568546,77.09122037458219,0.6403548132678573,15.156122801916528,0.3907392159198113,8.770300963341775,3.231383875500835,-0.7145113906353973,7,8,7,2
159.93982618500297,10.65982531337718,3.931678141721415,51.49861368520955,0.32590294062100394,0.7027208812153252,0.863316244747041,-1.3351047416473032,1,8,8,6
157.8581138721227,7.513778173580876,0.02887652758126927,31.851402051150888,0.3450841502829877,5.178265307219933,9.789556942277969,-0.5032652737174671,6,8,2,1
181.58110873500067,72.81887562036033,1.9621459547159392,30.25798277963379,0.23701367390107056,7.489147546902059,2.031258510413802,1.5614592466434256,3,6,4,5
177.91662693962937,49.549131620619846,2.2821728131459307,163.4576252433091,0.4243518655493258,16.18873919767568,0.8883560313359673,2.88431522223723,5,8,5,1
176.24119817052156,68.84023964277361,2.5223351759433372,38.45068281005199,0.12881200099088816,3.356603181334581,2.329245227500383,1.2681554852832975,3,6,12,1
176.2834550926428,43.48273386037462,5.944882510155721,22.739522160987132,0.3299114686361586,6.364835911217615,2.711424611321881,-1.5139666444456865,5,6,3,1
169.87753227153087,24.640203323910683,2.4596767135570325,26.75767108855946,0.06675553056618239,0.7624133638400656,3.156753702286659,2.2524244028967244,4,5,6,5
161.02745628514168,81.91023176741997,2.9773229278196425,58.80476297489238,0.10571078303232644,4.978495977371066,2.6753424379857416,-0.16638987701423708,6,10,11,2
170.75804558193727,79.94158789689793,1.3560532436598896,35.04507903765917,0.5357995621053333,11.09412782197698,3.2966230356948296,-3.9834877764336083,4,8,1,6
163.2283828848789,69.46964708544267,2.336052002753381,16.1329055763652,0.15957134377575063,16.29211878739619,3.7347053942270287,-0.12240779671335697,6,9,3,3
179.7511973341775,27.21451372299627,1.289125487665244,52.43710583194949,0.12287989871766325,6.808028709896091,3.592355834443088,-2.3844641427436306,5,9,14,1
168.5294261849786,59.023066686908706,0.3800654412769361,23.710736376536925,0.30995644773932673,1.0500421666522974,4.453357635922178,0.09184760798560543,2,9,1,4
161.74502803207488,36.09738969400268,4.624747976592281,84.49132683664848,0.5006741240171694,12.30207803595616,4.647000509883678,-0.3899244104246799,1,8,3,1
166.78614158347006,9.158207332663416,5.516307375355344,56.82770852126891,0.19253338124350866,1.060816613225228,4.731027476539648,-0.0545936110905438,1,7,3,5
174.12931454275625,91.73135754622427,4.831218650742091,26.4786580567805,0.6798139772747849,1.6818819530197144,5.591912100202875,0.25662371095122233,3,7,3,1
164.36275447196024,13.68186309189614,3.113388075084737,62.8347447522096,0.16580692395614124,13.004687343884662,1.8462153736312423,1.337893574217055,5,9,6,2
161.77779604433567,95.02373538208025,2.3884517238994993,34.258261772815494,0.44532573170634104,4.70309278997636,1.904832540416239,0.3912710514578457,3,8,7,5
172.4368721149191,44.600577295795574,9.951063609473774,50.723374383601396,0.28710346659034747,3.045663290507865,6.778818820879357,-0.14145097048057148,5,10,1,9
172.44966571108722,18.513292883861965,3.660290274007968,42.19772917804218,0.20515210248463084,8.223531359351075,2.3880768747137116,1.018477697851827,4,11,3,2
164.93056824628871,54.190094737835814,3.261771957576247,21.689356850406266,0.3569482999794101,5.663685344376562,3.0226166506977714,1.6668778225471022,3,6,2,5
165.28961694381678,87.29458358764083,0.12988276971007237,24.004110435792956,0.08720531597496316,10.428172908038498,2.816788510102585,-1.4291186386031325,6,6,6,1
172.32049937357635,73.22248864095612,2.087039407053988,55.422209603743006,0.23791157291652001,5.861101355287402,13.338740302343085,0.06599660240088606,5,9,3,5
155.51915658502676,80.65611478614497,2.391756824494026,28.011421394402486,0.2125906368597829,5.961475020581146,1.5815756245498716,-0.5638328079803376,6,7,3,4
155.92536225623445,65.87833667107174,2.5443275709899957,27.06322427299511,0.3380474712276761,10.177944114481193,1.5549267720388738,-2.3631592611981533,2,4,6,1
162.81555778747565,69.22765645178525,4.3395552743263535,20.541324992378087,0.29052756084271986,4.653167712213964,3.305353162304449,0.4111211587903402,5,11,8,2
167.86552848288153,84.91956515653193,3.8135855217643444,40.92739048021808,0.3479181328972756,2.2895991368486412,2.8801190520065902,1.2929554135303456,6,6,3,1
173.10907565598004,24.966800885918595,4.681256791374099,92.87573897064628,0.42219960770511694,8.556160111937931,1.1839312176795436,-1.1214552878125548,3,11,9,2
184.75356216949552,48.942496364314046,7.238365643934406,19.418642201257267,0.24249642318363557,3.953009284824588,3.1014946919201165,0.9803688663334078,5,9,5,1
178.5765962320202,22.120944181960223,8.382852007425823,33.518909033012186,0.3024763373927353,6.213379168026748,3.3748818768809286,1.226871206643743,5,10,14,3
168.40061470036574,98.7668007996647,6.3314237191569545,67.09505046584484,0.5685546252018754,0.5695598167259961,2.1948501729972043,1.764227293963514,6,6,4,15
169.8098379209731,94.40593396866133,15.563993625021027,31.822681949313623,0.29393240112032726,4.505498705028097,2.9593766370403625,-0.6338030428306636,3,6,5,1
159.9747063536219,3.94268113685059,0.09200422291350013,41.520442575134304,0.23718069472344744,3.2335278720916243,1.7207111097801813,1.6497711221571227,6,8,5,3
169.8148686400761,70.55751725156884,1.0893995535625647,19.468606319964355,0.4348483136027772,0.5459870936303376,1.1866736719794244,-0.44421813586564324,11,6,3,3
167.1134136107986,92.52483174156659,0.037958092657078446,41.023847690708465,0.24766475341982122,4.61790983152807,2.37329167558008,0.11056964510161424,5,7,5,7
173.2271856033809,18.057534512733355,5.213164632038758,30.15732566121249,0.5915252921662858,4.74077270027038,1.3675018765711027,-2.2924868358096036,6,7,6,2
161.72769056447677,56.79452305526295,11.415410050332383,54.20997856361843,0.49414273786873564,6.54627665944938,0.9755475130491664,-2.433124660024135,5,6,1,3
175.19346514241172,91.54882975880419,1.3951467213888673,59.96092054584313,0.19275092244199293,10.968553483343014,0.47290434246543334,0.581152286972791,5,6,1,2
185.32738913002578,3.394597858579884,13.088845831118594,120.87800586450683,0.21570858057122805,9.795039076147145,3.930383684937544,-0.1177030884022205,2,10,8,1
168.91239851543142,69.742026724684,0.3107995096936032,44.24828380379499,0.4548274324248505,3.4287735314917045,2.308638735057604,-0.66828921434673,10,6,3,1
174.0171172209894,29.734900737255078,13.62364461500059,38.97413255661202,0.43203347294911104,5.754200075518781,6.806000816971946,-0.9654100960931993,2,4,4,2
176.90143991711113,92.43961953765304,2.1664123965326922,36.49561625557871,0.4727380263938699,7.239837813473466,2.468598580782712,0.41537451710207407,2,9,7,1
165.98779528114164,97.10582451653677,0.5347023069596843,27.755023576565016,0.2538973946761992,3.5117276300338096,3.9164222126628307,-7.127046197874766,2,12,2,3
172.24092481810416,94.42664891134339,3.326412744497058,39.22216111929428,0.28572136176326274,1.1733878278028238,1.9471560255327236,0.9461891131299264,3,7,5,2
170.12592400781796,47.42142166574638,1.4837928153908595,28.568345236034062,0.2317922806044498,4.235285342110629,3.227848758120694,-1.8420056556465045,3,5,0,3
170.9767609854883,86.20426509893134,1.6764749629583098,36.02562490404805,0.23320414628000993,11.280269598124084,0.4774457243056385,-0.9597745215168111,3,8,3,1
162.26990216144534,84.45493985350704,1.835718935806393,63.99460403192091,0.16973032592208812,1.11100154957703,2.344529346530891,-0.25815849335719315,3,11,4,8
170.24510174258944,31.910047324325564,8.123415099827117,20.019938808425074,0.49151217411248727,2.073828794226999,1.5906879993567276,-0.030750508225962155,7,10,8,7
174.9799829124545,82.89154741506773,3.873535690691302,58.55340715412369,0.33195877515080124,2.5158213278740114,6.340165429141529,-0.3425040673120082,5,9,2,1
184.5114360779504,3.700763471549262,1.8648034787672627,63.97916821093189,0.34270313402458813,2.096599678896011,3.7343102629027376,-0.4440640598441458,6,7,8,2
179.59270826085208,59.6269878482053,4.712323804772562,31.217091100169885,0.47320746037150585,8.249131999392853,5.745710449837848,2.628758879213501,1,8,5,3
191.53182457511556,23.000883728770305,6.296558623240507,11.462405009660229,0.057826174727944005,2.935332042163071,7.3143697110628,0.332901725969122,4,5,9,1
162.32652437111952,12.056688577727881,1.5915587110402303,24.436771008655615,0.3342823374545915,8.404361368727276,2.1901700765945393,-3.0604647178182063,3,9,6,2
178.72320636720679,7.695320162920916,2.668331669795511,63.33874791802716,0.5055663733930453,5.173776099243891,3.617772417169057,-0.15041388398346098,7,9,4,1
171.8334200573835,69.62887758781397,0.6498947976070026,32.738965331103294,0.10926771693672341,0.8285230282882539,1.2521042611525917,1.3863639614937018,4,12,2,7
191.89802933217672,33.98749637680661,0.9992678386106936,20.092545665237232,0.47637186210417104,3.5763867119703336,4.353139802463542,-0.5059834115189897,3,7,3,6
161.91701714644847,72.47667715287615,5.714668463130851,25.72883994001525,0.3351520189164386,9.995418084749884,4.812294762738989,-1.665412200604718,7,4,2,3
161.60278157819224,6.535634079894237,1.0010328074182362,50.41607200606604,0.31131126560378347,5.622537056125415,4.142454745114575,0.7272616028492485,1,8,4,3
164.0060735455598,31.529033783061035,3.7239224986605004,43.52636228619977,0.31565145210422435,3.80652417809301,2.1881364143946684,0.2382922961772578,4,9,8,8
148.76104275690193,53.949129237533725,6.172954997198428,29.386457836312182,0.13425930596426694,11.371617738511823,10.39142356820442,0.15154991634161016,3,10,2,8
164.7424497831924,79.07231648389636,0.5651544176023522,27.566128590739325,0.04261251654027319,1.8818559194618802,3.368182773271728,-2.233496446755361,5,6,7,10
162.40867338446301,31.875250293206992,4.188694362840734,27.22459861550192,0.44024925150934274,3.029986606896172,1.2590864584678674,-1.2694076573919644,2,7,7,1
171.50393786476207,62.58913764370091,1.4823548004624207,20.88006566219741,0.1195934956640864,9.361563319219435,5.135653698232358,0.2811683891905032,4,8,3,1
173.41755975777158,88.5977748236187,16.47431485903963,74.26856980035531,0.2000779313230957,8.13038453723517,6.4688957661301725,-0.8779172936201892,4,7,6,4
188.76170839215885,61.58631881823046,3.3038418566340355,28.186404884228555,0.7007817975708072,1.7306139605453459,1.2825681466554337,0.00817347149498213,4,10,6,3
179.5042383818605,23.295947475363377,8.199293587176795,60.8601896366426,0.2817555447671213,7.064944680942,2.7129444014044775,0.09405068256873565,6,8,4,1
164.23096344337597,2.440078155653802,3.995056249968056,70.85659359536304,0.34926511547555156,2.8933172150135578,0.8700838264800178,-0.5673706130682852,8,10,4,1
161.01585328651643,87.00988739009298,0.22191524639933063,54.5520585810037,0.18348662812958907,0.5099958219300312,7.502287738750592,2.2715740553005994,5,8,4,7
174.91919171506507,2.126941085038714,5.0140299178717616,26.68735462429974,0.5023166737897836,3.8688674165819066,3.076858508826029,1.1549547730127343,3,10,7,6
156.7976679297936,87.47016726841994,15.121002600623664,40.52281079920808,0.06245007841002178,16.978482697492463,1.5970059183399241,0.5883314407436098,4,7,4,2
188.31458765854353,52.8937134027212,4.601642113769123,32.717241331790355,0.4354437700393007,10.113793051615863,6.525804231967211,-1.8579779106013614,4,10,1,7
181.79440120721287,93.90676985128962,8.551511073538645,21.076297538059922,0.0920630148030118,4.818768892639267,3.2990987862528027,-1.5499431587110473,4,7,9,3
165.30824347895296,79.87832357736654,10.779732650770166,38.946139021165905,0.6257518883853295,1.0346617236126299,5.928091367048177,-0.014542540277788459,7,8,5,5
152.86865470909123,99.79341105333374,1.2943703291825013,18.365613863110795,0.37700811694720254,0.5333255275151724,4.551969650882936,-1.134985760112052,5,6,9,2
183.53872374165414,35.071181545171015,1.1915704709007788,59.96971556598485,0.1271719790497805,5.1862062612005735,1.4098305146167964,3.1357055606166724,5,8,4,1
168.85460154747383,76.71882889311269,4.7206353235476515,26.250665769163426,0.27435287356315835,6.734581859585802,2.1271529978202275,-1.1487258537737104,6,7,6,2
182.3781631197346,40.193091360924214,2.646887161667886,36.61946127579249,0.38256661568693123,8.316611804138596,1.636454150090305,-0.025383788696407165,2,7,4,2
154.05572341205632,47.98756203039088,9.158574910844619,38.15450875873828,0.17843961982715925,7.658255569069932,1.1792088371731015,-0.31712171233543957,7,12,3,3
164.00624977046226,62.75054632183701,11.51408176856428,29.094452292924544,0.2162905367743838,8.124270182072486,0.6500677141126122,0.3268011329379012,3,6,6,1
170.05243699718184,87.36771141863387,2.1803023921175733,44.40477020592608,0.5209740341645329,6.149599491178415,11.757637001333345,-1.354513494429675,5,10,4,14
170.4698059376474,98.40834691992951,1.3516380730422153,26.116000479603386,0.279074004926693,11.206299195760979,4.087357986563627,-0.15008728119255055,2,13,4,1
165.49934528520757,76.82734138645182,7.582596478962244,51.195346985621676,0.48498879957497276,3.2280290080385203,4.531582774129007,-0.5989101843852486,4,4,2,1
176.22849932347498,41.77667821673337,1.606580613670829,16.894872269389584,0.3481128642195799,5.126564966687811,7.023009669427971,1.4938931547133498,6,9,1,3
159.32379570617405,42.13570022770702,8.647144627595175,35.27553943063541,0.37769730827879666,0.832602542699771,2.1093438720267077,-2.511192011616781,6,7,0,3
168.57620514978706,73.75823015888915,2.755966503777051,87.30995597013913,0.45526763848906865,3.1693385091895747,0.9370556141939934,1.7570971374938518,0,4,6,2
171.20295631711897,23.877714576830233,5.506327516026851,20.082209782486757,0.564636774420852,9.925044267746468,5.574415687357072,1.0965791881363467,0,7,1,5
175.14438834058748,11.047411313139467,0.5020600864556289,23.597187111509513,0.13525495524082082,7.94249814503861,1.096136202864155,-0.5189561993611593,2,11,5,3
177.1161487808889,35.462215764077655,4.888960345326871,42.8178008926921,0.41890629703440113,0.2912435960557827,5.48318486580604,0.8641284249036877,4,3,12,3
158.7535790816213,28.723899165408174,3.005280689813925,36.22649984614027,0.6277239733678208,17.811850306174378,0.7956621165422617,-2.773755471787473,3,8,4,4
154.65885829264377,29.630812045599008,4.416800520333024,39.461087100183775,0.42330626189328024,5.633576878545266,1.0203989109187699,2.7140345806370396,4,8,5,1
182.7767682189851,23.360775104990992,0.9196995746157897,42.29181485463787,0.3242865327317485,5.71389383588029,1.9369412080050579,0.054656718234584734,3,11,4,3
173.3231401197959,4.209318963636188,6.675606523742664,45.48400539069161,0.5237323534287259,2.9969989599946354,5.340997756984984,-0.4999482439916461,8,5,3,7
162.51513463443447,1.787393473341381,9.931471316059389,57.67650631293265,0.6843643932117193,3.591730940514939,9.503402240010518,-0.3213540984851719,6,9,1,1
185.51151975522524,98.77223897360315,1.2214516334426968,40.64636168175413,0.35926527588984386,5.586357447456518,4.526393118214812,-2.0188304207846954,3,9,10,2
171.15674634292859,42.77731337358623,0.5030510563140048,29.352307776052786,0.3939614324212918,7.6266874853816,2.0022535440810905,3.8490025774522927,0,9,2,8
181.79297184063827,38.432664715968166,0.11961229965786996,46.35303874023007,0.3799956547644613,6.364297340855574,6.279896079714718,-2.5435885585513844,2,11,6,2
170.6751848141011,67.96472826930699,5.135713440247937,85.62188937433785,0.08417433653931046,3.207547488322863,0.770430063249207,0.37079450935380026,3,10,2,2
190.60747924881986,21.825388786506416,4.67092486661959,30.990575025065436,0.43722711473977127,2.2600408257423674,1.480176209817814,-0.12163460610071052,6,4,3,12
187.55340842443204,94.99611839502253,3.9559770669178285,20.342968982947077,0.09410779357588527,2.118201196154332,3.543041525376681,2.2811410329725215,3,8,3,1
167.51035851520928,78.6345014415552,1.3194833147064442,57.60102338492968,0.3982612864989766,10.457995851326189,5.701556539486398,-0.7092776181538204,4,7,10,1
179.71570950954356,8.94110023122595,2.478913325326026,31.181015062513808,0.07765506645751091,9.612377758917733,2.8230609128660253,0.06632534095080488,9,7,2,6
176.45375949585147,41.75807757849284,4.51288023769661,11.174844517644832,0.12821245493162958,7.134750934495399,2.5894473928109636,-0.035925235357932815,7,8,3,6
183.68631557532348,87.91183075621647,3.4335085749595793,50.58782013759359,0.21425064305656616,10.406606587067408,2.712145740314659,0.5204263773637493,3,7,2,2
160.35076539419896,94.47320222914102,22.02566581690663,25.33877692169329,0.18980885239554654,4.530701358097602,6.980684111608587,-1.9949499346770063,2,8,2,3
176.86051459998438,46.74015112498697,0.7334580630766365,31.64984840502034,0.449549690409468,9.049445538266939,1.7326186025236845,-0.9478374891693319,2,13,2,6
180.5842448684959,61.34113892107077,5.939587812102318,39.094827345446674,0.23408313613509113,7.40113257121995,1.3910623964528261,-0.84599621412974,2,5,9,4
152.41260513576884,16.70339460920752,2.590248004051997,36.42479921896942,0.10047468691113758,9.218950131365894,2.678285298301664,0.646839160426417,4,11,2,1
158.16741487334224,99.11686261369765,2.794826628258579,47.215673755986806,0.1752910699720822,1.918919017741265,7.641257553870665,-0.9721275094950393,6,8,6,1
149.607678222399,23.16717013834434,6.322114307095265,26.635817023739566,0.31120624590899987,6.0852084629586765,1.9090138472039757,0.15897642075305837,3,9,10,2
167.30593165555442,94.27317741351257,5.895362876599073,42.800633294897686,0.30725814341699853,3.7605442982161255,2.705380075687547,-0.8428366640005304,3,10,4,6
177.17542255795962,64.96466489923685,23.69693403932185,29.08511877888357,0.31622983906163077,0.3898882948414575,0.757009127300462,1.2846403466633998,5,7,2,7
185.02357052096028,60.773679487885914,0.6870906206829155,47.913880366411654,0.4493230296578294,11.60848317719644,2.7957153634953027,2.1573677019746227,5,8,1,9
170.74094780419776,51.26885110165086,0.5496862502032771,45.04597982513269,0.4992607592612914,9.630839555866745,3.9437171161430813,0.03768727734701782,5,7,5,6
186.28615545571293,23.06698117177587,6.442913828367711,20.744489579555534,0.37973287476095796,6.483439116167237,1.0977769333774092,-0.35009979565473204,7,7,5,3
156.19898541785108,17.652803200550828,4.318336252339902,56.996568147735566,0.25879512048478875,2.3910264692377137,6.989503733305293,-0.7590401117555353,3,11,2,2
152.96617560644845,22.048620907017536,1.6021329622501308,25.330729854681266,0.21720650202910807,0.7877875634314715,3.906352037804412,-2.306974682700723,2,10,4,5
169.44452301103382,18.643826214425452,0.41375343673898735,49.601888080255705,0.6337271424536701,0.38138306822503687,2.167240725249184,-0.6217569006837581,1,5,5,4
173.84065448939307,77.95844735667534,0.44775435531953967,39.79111541933213,0.3024225452045582,3.149238726659611,3.9279146249277974,0.36885100058226167,6,5,6,3
169.67305251905907,35.01252591667301,11.230592562327946,83.02085475944712,0.35324383153672906,8.208296071734177,4.71825910749934,0.06960076616579666,4,8,4,1
149.32557899960125,5.784267656339637,1.0651451592998202,29.61458595810093,0.19600880118123296,3.7934737082610726,0.5514236059987433,2.189993791647203,4,5,10,8
169.1087996048721,96.91026301408114,1.953164964737904,27.80849645670461,0.19460414633823603,7.197956214006117,4.0394764736732975,-0.23249397435651342,6,9,5,2
156.95530499495146,88.37858849634257,1.2851591504781665,32.79546347239567,0.12016596269169015,7.456490393688508,7.46127613106075,0.49057650246503876,1,6,10,2
176.6967254883004,92.77522831952129,2.1924961740521036,28.457453397058003,0.2881738348704263,8.12432289715693,1.711390240210173,-0.021585811375070905,4,8,6,3
173.66598246096848,99.49078226464353,0.35975680365814916,49.401014033198514,0.19451076843381124,0.6247472934380796,2.2058272004694714,0.025474160564074592,3,3,4,4
160.60120213672644,17.38952492194873,3.660061610127674,14.758876461518767,0.22190174670034968,2.5929620480141633,2.5148594215085276,-0.6244635823710117,4,7,3,1
164.86133082663306,39.62420189026587,0.35003423188720684,19.553587832291722,0.49244241405815076,7.102593709137886,5.7459035099252596,-0.09441886808825455,4,9,3,6
159.40786478111048,75.82384757040913,8.05611021079626,19.416020790394114,0.08506599782258312,13.325443384333475,1.2855690732430167,-0.06020659055167751,4,8,6,1
169.37320902726827,69.60206180537922,1.3309865384210302,53.258307189811966,0.17078468035505964,10.905190449395677,4.5644548293249585,0.5332161707859705,2,12,5,1
179.55142320501238,15.389590633985506,3.8827734557429734,77.89070968699382,0.3275299415979275,6.2388405736823564,2.5529186663554597,2.130987485852047,2,11,11,2
160.14273953664457,81.58331249906178,10.604614082448709,31.430394132212985,0.3146017534698956,11.691854065897267,9.797479157012988,-0.41757429684698133,7,7,3,4
175.04046515517845,22.444057183666068,5.261660202051321,30.434874500291674,0.5591300431761457,6.203674178030885,2.672950336239714,-2.4721767736196347,7,4,1,10
164.6974238162756,22.38176148226231,3.8066781628736583,34.29590919326054,0.05690746574113332,1.0767700285994084,0.2680698427532089,-0.007437337556175911,2,10,4,5
162.07127167737656,53.69744228934136,1.9602802124207304,59.201042486495574,0.5215862971395819,8.027403569236737,5.182492608358549,0.09312749432448836,5,11,1,8
168.92969640045442,59.293993484170315,2.024840506119234,20.828524822309472,0.11091117446247269,11.16070105680872,4.39977107278339,-1.0880252231561682,3,10,7,1
159.64757677580627,58.00862078378112,5.53554575284868,37.307131125555415,0.22652284530795472,16.127065147575408,3.784987292899979,0.735906910761543,4,6,6,1
164.46350694652818,9.148683739775487,25.69748337353652,53.92524927514366,0.08232379528839835,3.0732313633269044,7.324924375230514,3.5018429263852036,1,14,3,3
158.0212210741115,87.74608626303804,5.421168634826156,42.54435100941214,0.02033762111179792,1.7254192214268658,0.6457272139488891,2.2214608228839774,3,7,4,1
189.6472513291639,26.560004258870606,4.0797775548399065,36.40808292241023,0.515099224706211,9.067848233940925,1.5001999129608181,-0.9308662463581686,5,9,0,5
170.3526355197173,12.951492128280417,6.558727620964056,54.62671486232153,0.1524295832997067,6.798399237143878,3.215308436865582,1.3892045107066096,2,11,8,4
163.00274492007415,88.87480798689772,3.1293646399120445,8.570995213814678,0.401561690342304,6.359046131738274,3.6367067877134374,0.5259177268220748,4,6,2,10
172.1397991073422,95.56514982297534,0.3101342174160877,46.476074800618505,0.1934741652155991,11.802500630924182,2.8658662534807906,-0.09684892268696116,5,11,2,1
168.8767195030917,86.21276172654507,4.131071300719805,23.87811044825704,0.5676055160091945,9.043239294353787,0.7691783952965915,0.0847107403750493,2,7,3,2
167.79030400466777,80.95160747248781,15.806017136476676,13.25909260700262,0.207457529958512,7.266907802639619,2.2236700820014725,1.2013108503543235,5,12,14,2
176.14166700043424,65.52419806390218,0.9636958147035177,42.75992361384564,0.24303279275432918,3.4181334099308724,9.349292293353546,-0.040540909781661104,4,7,8,1
177.57507710047304,55.08573706091393,5.855993792341289,65.81378221684737,0.16867962259904035,8.5398235149885,1.2284523291139222,-0.29247388391745516,3,12,14,3
164.69498852389472,8.698675991141014,1.1215567187112898,30.91605853769375,0.11978721348434995,1.653822166353291,3.161143256478983,-0.01359703609500709,4,5,7,2
164.2418175935532,40.845321307069874,3.8374971301322325,53.3267069202577,0.4281637369757693,6.190604142470941,4.576619361043821,0.17228363540478914,5,9,2,2
167.24948302848355,37.2688517012314,0.5083724185118045,74.15363791866795,0.2805328520070296,4.869755725438785,5.631133887580835,-0.9724503011929884,5,8,4,2
146.98078835264414,25.97537837603262,2.9925582892294034,63.90881020690277,0.025530459181464824,1.017710654532168,5.165064001858418,1.6185566648410923,6,8,6,1
154.8480893780145,72.3420113688585,7.056283292712283,75.1872948098932,0.5758838933798938,6.812759242714423,2.0918357195626047,0.42828434421561645,0,6,5,3
183.66874267444524,49.58757350787708,2.1352688074272708,47.993411714328744,0.24667491342653283,3.079102263679051,1.494412103693427,0.3099792637450948,3,9,3,2
186.44967713501285,8.104621590764793,5.466806364380442,34.38831475957064,0.12659141193795395,6.693137879615028,9.848774383097522,-1.6144883828097056,4,6,6,1
167.50963960443622,22.018320194981133,7.934713214581751,14.865113533377702,0.07690526282307505,2.1327207553167167,6.015399886647283,0.23363322147046994,2,8,3,2
175.76556963055765,68.32587636595959,13.098673463521045,29.28187593722332,0.13178659947560378,9.106049266813685,3.393584510825641,-1.4191427111506951,6,7,0,1
173.11250154543535,7.613085949030019,1.3370584385777782,21.72311068476943,0.34235225040309447,14.716233687275224,8.17995918505293,-1.848994483519026,3,12,2,2
200.7888080845524,85.12069140487687,2.548430664572674,98.04939269062821,0.4422870444385288,1.6544400761912226,0.9427815709280535,0.05617021069274181,5,4,2,1
181.19574911434577,49.51465270139743,0.826826726612014,30.327566784894955,0.22902080143355766,2.130067487650281,0.27942352440903473,-0.21620385171202652,1,6,9,2
168.72082408519233,48.0586577326648,24.453274810240273,35.21958793982821,0.8133424050014515,1.3780980580117939,3.606028737673754,0.19555336065399753,2,6,11,4
160.44459559399576,59.24077846595176,13.086545485792861,43.62989968971545,0.20792342426577648,4.2159000708927845,3.7339922721153727,-1.7234785688913514,3,7,2,3
153.93553679742428,82.46809659251491,3.8821779939956134,33.84533659783609,0.26083444259376065,6.618079737506689,0.8561840123370655,-0.14853930642875213,3,6,1,5
172.03463635867223,34.780920790219305,9.226854960309858,77.28698104173799,0.10952628416623476,8.179273444070535,5.8668345320882525,-1.0510416389747943,3,8,8,2
162.43649254715697,67.80161525590636,3.679834776491431,24.256274328975028,0.25085125200039493,6.100895452991588,0.44553615562509913,3.6573874478609794,3,10,11,3
155.77746290402325,56.5731963995791,4.885324243108654,36.49968854793022,0.46152626905013167,8.004651211758546,4.204017757010957,0.13045091345658602,4,9,2,5
163.53427115757472,26.70282701694213,0.466744897715109,22.845740924155816,0.6224521206393593,4.7355084192448835,4.912176454797268,0.46980160466485105,7,8,5,2
159.18451996385605,87.8629986355158,7.038007175778694,17.115572889842287,0.3984798933684013,3.0478350963730856,3.5741114149938076,-0.4294967261045844,4,5,9,4
186.87141635072564,79.74260216069281,0.6831866761445355,24.388591330854418,0.058734322284688646,2.1813062425206518,0.7365384534112156,-1.6634832557172905,6,9,1,2
178.8163975694945,65.84518346584255,8.745443674676697,32.50785009246148,0.09968586243360074,4.3420970795089655,7.272712638176099,3.031187975062155,5,6,9,2
169.92027358683382,85.05817290942419,7.616945335093326,26.718304377832006,0.05874538677015844,2.2324623468266727,2.1502825183944996,-0.5577109793944871,1,10,2,5
184.79944138890025,86.72942009598023,6.167775345468045,23.42466460181251,0.14049481279644285,6.474101613031678,2.1559851577785674,-0.16532713900957877,2,7,3,1
170.77368307647617,70.83629767150347,0.1841518402577656,16.39278449444464,0.18135617969878268,2.2665283319715934,1.8166316101690905,0.3562862243644765,6,8,11,2
161.38715798671737,83.7013328363672,1.8057702002577507,31.76760988680305,0.12077322769540527,3.3389977167605913,5.290041275021289,-3.0079142661940654,3,7,3,1
185.23124077269657,69.74714616692836,1.5266006958956373,15.605755881775977,0.3803905055871858,10.421786236874697,2.06698400820797,0.9689488019723718,6,10,5,2
175.38910043684658,68.01407717603004,2.232501310097585,48.42557008917378,0.11550874706878707,11.104775034689553,1.121693595500983,0.07597042242272595,7,6,2,1
159.62753845673544,61.86113782151843,0.45861820286188815,34.50899022999512,0.3442408863859198,10.870191623330678,6.341366078939252,-0.586206041298272,5,8,5,3
168.0966132191639,75.27166395576413,13.81975650446037,15.9781833359422,0.4240345061051237,4.797125682934558,3.1036630016995916,-2.0938166049128837,7,6,2,5
161.24381746615242,15.86051052930737,4.034965093815908,28.371793399684908,0.22282399733200586,3.155241497673157,6.492927665968793,-1.1239398476264544,2,9,3,5
156.17200269035663,88.08707591989284,1.8229906097380109,22.73536853569401,0.49661588793271977,7.201356749130375,3.2817074201062852,1.5609702655386017,8,11,2,2
